{"cameraMode":{"drawMode":0,"name":"Shaded","section":"Shading Mode"},"sceneLighting":true,"audioPlay":false,"sceneViewState":{"showFog":false,"showMaterialUpdate":false,"showSkybox":true,"showFlares":true,"showImageEffects":true,"showParticleSystems":true},"in2DMode":false,"pivot":{"x":-17.4674015045166,"y":41.18965148925781,"z":-8.379080772399903},"rotation":{"x":-0.33430126309394839,"y":-0.6467047929763794,"z":0.3779745399951935,"w":-0.5720437169075012},"size":2.4494898319244386,"orthographic":false}