{"cameraMode":{"drawMode":0,"name":"Shaded","section":"Shading Mode"},"sceneLighting":true,"audioPlay":false,"sceneViewState":{"showFog":false,"showMaterialUpdate":false,"showSkybox":true,"showFlares":true,"showImageEffects":true,"showParticleSystems":true},"in2DMode":false,"pivot":{"x":-199.83831787109376,"y":388.4449768066406,"z":618.0089111328125},"rotation":{"x":-0.284906268119812,"y":-0.6634520888328552,"z":0.3042089343070984,"w":-0.6214403510093689},"size":2.4494898319244386,"orthographic":false}