{"cameraMode":{"drawMode":0,"name":"Shaded","section":"Shading Mode"},"sceneLighting":true,"audioPlay":false,"sceneViewState":{"showFog":false,"showMaterialUpdate":false,"showSkybox":true,"showFlares":true,"showImageEffects":true,"showParticleSystems":true},"in2DMode":false,"pivot":{"x":20.225330352783204,"y":51.48971939086914,"z":-11.956733703613282},"rotation":{"x":-0.08765313774347305,"y":0.054667405784130099,"z":-0.004842740949243307,"w":-0.9946628212928772},"size":2.2048399448394777,"orthographic":false}