{"cameraMode":{"drawMode":0,"name":"Shaded","section":"Shading Mode"},"sceneLighting":true,"audioPlay":false,"sceneViewState":{"showFog":false,"showMaterialUpdate":false,"showSkybox":true,"showFlares":true,"showImageEffects":true,"showParticleSystems":true},"in2DMode":false,"pivot":{"x":-35.91752243041992,"y":627.9981689453125,"z":503.35223388671877},"rotation":{"x":0.1300298422574997,"y":-0.8485031723976135,"z":0.4508366286754608,"w":0.24472177028656007},"size":2.3808653354644777,"orthographic":false}