{"cameraMode":{"drawMode":0,"name":"Shaded","section":"Shading Mode"},"sceneLighting":true,"audioPlay":false,"sceneViewState":{"showFog":false,"showMaterialUpdate":false,"showSkybox":true,"showFlares":true,"showImageEffects":true,"showParticleSystems":true},"in2DMode":false,"pivot":{"x":9.452329635620118,"y":397.5289611816406,"z":709.387939453125},"rotation":{"x":-0.4307059645652771,"y":0.5355224609375,"z":-0.3682372272014618,"w":-0.6263113617897034},"size":4.002333164215088,"orthographic":false}