{"cameraMode":{"drawMode":0,"name":"Shaded","section":"Shading Mode"},"sceneLighting":true,"audioPlay":false,"sceneViewState":{"showFog":false,"showMaterialUpdate":false,"showSkybox":true,"showFlares":true,"showImageEffects":true,"showParticleSystems":true},"in2DMode":false,"pivot":{"x":-2.9211461544036867,"y":28.815067291259767,"z":92.68733978271485},"rotation":{"x":0.14884373545646668,"y":-0.004452401306480169,"z":0.0006428843480534852,"w":0.9888819456100464},"size":2.2544548511505129,"orthographic":false}