{"cameraMode":{"drawMode":0,"name":"Shaded","section":"Shading Mode"},"sceneLighting":true,"audioPlay":false,"sceneViewState":{"showFog":false,"showMaterialUpdate":false,"showSkybox":true,"showFlares":true,"showImageEffects":true,"showParticleSystems":true},"in2DMode":false,"pivot":{"x":3.4497945308685304,"y":11.813545227050782,"z":-18.4941463470459},"rotation":{"x":0.3193865716457367,"y":-0.36946749687194826,"z":0.13692177832126618,"w":0.861833930015564},"size":2.582271099090576,"orthographic":false}