{"cameraMode":{"drawMode":0,"name":"Shaded","section":"Shading Mode"},"sceneLighting":true,"audioPlay":false,"sceneViewState":{"showFog":false,"showMaterialUpdate":false,"showSkybox":true,"showFlares":true,"showImageEffects":true,"showParticleSystems":true},"in2DMode":false,"pivot":{"x":17.724918365478517,"y":13.406370162963868,"z":-8.645423889160157},"rotation":{"x":0.17906160652637483,"y":-0.5417053699493408,"z":0.11937011778354645,"w":0.8125618100166321},"size":11.902518272399903,"orthographic":false}