{"cameraMode":{"drawMode":0,"name":"Shaded","section":"Shading Mode"},"sceneLighting":true,"audioPlay":false,"sceneViewState":{"showFog":false,"showMaterialUpdate":false,"showSkybox":true,"showFlares":true,"showImageEffects":true,"showParticleSystems":true},"in2DMode":false,"pivot":{"x":40.00791549682617,"y":504.0897216796875,"z":713.83935546875},"rotation":{"x":0.09823417663574219,"y":-0.8957119584083557,"z":0.3566146790981293,"w":0.24673494696617127},"size":8.944279670715332,"orthographic":false}