{"cameraMode":{"drawMode":0,"name":"Shaded","section":"Shading Mode"},"sceneLighting":true,"audioPlay":false,"sceneViewState":{"showFog":false,"showMaterialUpdate":false,"showSkybox":true,"showFlares":true,"showImageEffects":true,"showParticleSystems":true},"in2DMode":false,"pivot":{"x":-5.370599746704102,"y":4.1532793045043949,"z":-16.202377319335939},"rotation":{"x":0.23764270544052125,"y":-0.2682397663593292,"z":0.06846374273300171,"w":0.931077778339386},"size":10.0,"orthographic":false}