{"cameraMode":{"drawMode":0,"name":"Shaded","section":"Shading Mode"},"sceneLighting":true,"audioPlay":false,"sceneViewState":{"showFog":false,"showMaterialUpdate":false,"showSkybox":true,"showFlares":true,"showImageEffects":true,"showParticleSystems":true},"in2DMode":false,"pivot":{"x":15.379590034484864,"y":122.41625213623047,"z":395.1075744628906},"rotation":{"x":0.06774207204580307,"y":-0.9317257404327393,"z":0.23482638597488404,"w":0.26872336864471438},"size":2.4494898319244386,"orthographic":false}