{"cameraMode":{"drawMode":0,"name":"Shaded","section":"Shading Mode"},"sceneLighting":true,"audioPlay":false,"sceneViewState":{"showFog":false,"showMaterialUpdate":false,"showSkybox":true,"showFlares":true,"showImageEffects":true,"showParticleSystems":true},"in2DMode":false,"pivot":{"x":-89.2065200805664,"y":313.4479675292969,"z":702.6099853515625},"rotation":{"x":0.343582421541214,"y":0.5408969521522522,"z":-0.25692468881607058,"w":0.7234801650047302},"size":0.8660253882408142,"orthographic":false}