{"cameraMode":{"drawMode":0,"name":"Shaded","section":"Shading Mode"},"sceneLighting":true,"audioPlay":false,"sceneViewState":{"showFog":false,"showMaterialUpdate":false,"showSkybox":true,"showFlares":true,"showImageEffects":true,"showParticleSystems":true},"in2DMode":false,"pivot":{"x":-1332.6951904296875,"y":-2767.524169921875,"z":2386.830322265625},"rotation":{"x":0.39402782917022707,"y":-0.26151958107948305,"z":0.1180090606212616,"w":0.8731759786605835},"size":1974.0399169921875,"orthographic":false}